<?xml version="1.0" encoding="UTF-8" standalone="yes"?>
<psExtension
	xmlns="http://www.powerschool.com" 
	xmlns:xsi="http://www.w3.org/2001/XMLSchema-instance" 
	xsi:schemaLocation="http://www.powerschool.com psextension.xsd">
    <extensionname>U_MISPED_ACCOMMODATIONS</extensionname>
    <extendedTable coreTable="Students" dbTableName="U_MISPED_ACCOMMODATIONS" childName="U_MISPED_ACCOMMODATIONS" comment="Michigan Special Education Alert Accommodations">
        <field name="ACCOMMODATION" type="String" length="4000" comment="Special Education Accommodation"/>
        <field name="ARCHIVED" type="Double" comment="Special Education Accommodation Archived Flag"/>
        <field name="ARCHIVEDBY" type="String" length="4000" comment="Special Education Accommodation Archive By User Info"/>
        <field name="CONDITION" type="String" length="4000" comment="Special Education Accommodation Condition"/>
        <field name="CREATEDBY" type="String" length="4000" comment="Special Education Accommodation Created By User Info"/>
        <field name="ENDDATE" type="Date" comment="Special Education Accommodation End Date"/>
        <field name="FREQUENCY" type="String" length="4000" comment="Special Education Accommodation Frequency"/>
        <field name="LASTUPDATEBY" type="String" length="4000" comment="Special Education Accommodation Laste Update By User Info"/>
        <field name="LOCATION" type="String" length="4000" comment="Special Education Accommodation Location"/>
        <field name="STARTDATE" type="Date" comment="Special Education Accommodation Start Date"/>
        <field name="TYPE" type="String" length="40" comment="Special Education Accommodation Type"/>
    </extendedTable>
    <extendedTable coreTable="Students" dbTableName="U_MISPED_INFO" comment="Student services and participation information">
        <field name="END_504" type="Date" comment="End date for active 504 plan"/>
        <field name="HAS_504" type="Double" comment="Student has an active 504 plan"/>
        <field name="HAS_IEP" type="Double" comment="Student has an active IEP"/>
        <field name="IS_SPED" type="Double" comment="Student receives special education services"/>
        <field name="CASE_MANAGER1" type="String" length="100" comment="Primary Case Manager"/>
        <field name="CASE_MANAGER2" type="String" length="100" comment="Secondary Case Manager"/>
        <field name="PRIMARY_DISABILITY" type="String" length="4000" comment="Special Education Primary Disability"/>
        <field name="SECONDARY_DISABILITY" type="String" length="4000" comment="Special Education Secondary Disability"/>
        <field name="START_504" type="Date" comment="Start date for active 504 plan"/>
    </extendedTable>
</psExtension>